"Type","Start","End","Duration","Start Condition","Start Location","End Condition","Notes"
"Feed","2025-10-14 09:33","2025-10-14 09:44","00:10",,"Breast","00:10L",
"Feed","2025-10-14 09:00",,,"Breast Milk","Bottle","35ml",
"Growth","2025-10-14 08:58",,,"3.59kg","51.5cm",,
"Diaper","2025-10-14 08:55",,"yellow","Runny",,"Both, pee:large poo:medium","Extra large pee"
"Feed","2025-10-14 08:25","2025-10-14 08:51","00:25","00:13R","Breast","00:11L","+70 I think"
"Sleep","2025-10-14 06:00","2025-10-14 08:21","02:21",,,,
"Pump","2025-10-14 05:56","2025-10-14 06:18","00:22","12ml",,"26ml",
"Feed","2025-10-14 05:45",,,"Breast Milk","Bottle","30ml",
"Feed","2025-10-14 05:04","2025-10-14 05:30","00:26","00:12R","Breast","00:13L","Ate 40g I think"
"Sleep","2025-10-14 02:40","2025-10-14 05:03","02:23",,,,
"Feed","2025-10-14 02:14","2025-10-14 02:39","00:24","00:24R","Breast",,
"Feed","2025-10-14 01:55","2025-10-14 02:05","00:10",,"Breast","00:10L",
"Diaper","2025-10-14 01:46",,"yellow","Runny",,"Both, pee:large poo:large",
"Pump","2025-10-14 01:13","2025-10-14 01:35","00:22","20ml",,"32ml",
"Feed","2025-10-14 01:13",,,"Breast Milk","Bottle","50ml","Kept falling asleep while drinking\nTook 25m to finish with burping "
"Feed","2025-10-14 00:39","2025-10-14 01:02","00:23","00:12R","Breast","00:10L","Ate 55g, 4h rest for nips"
"Sleep","2025-10-13 21:46","2025-10-14 00:37","02:51",,,,
"Diaper","2025-10-13 21:37",,"yellow",,,"Poo:small",
"Feed","2025-10-13 21:31",,,"Breast Milk","Bottle","15ml",
"Pump","2025-10-13 21:28",,,"43ml",,,
"Feed","2025-10-13 21:26",,,"Breast Milk","Bottle","45ml",
"Diaper","2025-10-13 21:16",,,,,"Pee:small","Small medium pee"
"Feed","2025-10-13 20:37","2025-10-13 21:02","00:25","00:12R","Breast","00:13L","Ate 30g, must not have been too hungry, actually ended 9:13"
"Sleep","2025-10-13 19:58","2025-10-13 20:37","00:39",,,,
"Sleep","2025-10-13 18:55","2025-10-13 19:52","00:57",,,,
"Feed","2025-10-13 18:27","2025-10-13 18:35","00:08","00:08R","Breast",,"Hungry, fell asleep "
"Feed","2025-10-13 18:26",,,"Breast Milk","Bottle","20ml",
"Feed","2025-10-13 17:23","2025-10-13 17:31","00:07",,"Breast","00:07L","Comfort"
"Growth","2025-10-13 17:18",,,"3.65kg","51.5cm",,
"Diaper","2025-10-13 17:13",,"yellow","Runny",,"Both, pee:large poo:large",
"Feed","2025-10-13 17:08",,,"Breast Milk","Bottle","15ml",
"Pump","2025-10-13 17:00","2025-10-13 17:21","00:21","9ml",,"19ml",
"Feed","2025-10-13 16:58",,,"Breast Milk","Bottle","15ml",
"Feed","2025-10-13 16:37",,,"Breast Milk","Bottle","40ml",
"Feed","2025-10-13 16:07","2025-10-13 16:31","00:23","00:11R","Breast","00:11L",
"Sleep","2025-10-13 14:20","2025-10-13 16:07","01:46","Long time to fall asleep","Nursing","Upset",
"Feed","2025-10-13 14:03","2025-10-13 14:18","00:14","00:14R","Breast",,"Fell asleep at the end"
"Sleep","2025-10-13 13:30","2025-10-13 13:41","00:11",,,,
"Feed","2025-10-13 13:06","2025-10-13 13:19","00:12","00:00R","Breast","00:12L",
"Diaper","2025-10-13 12:48",,"yellow","Runny",,"Both, pee:large poo:large",
"Pump","2025-10-13 12:33","2025-10-13 12:54","00:21","27ml",,,
"Feed","2025-10-13 12:33",,,"Breast Milk","Bottle","40ml",
"Feed","2025-10-13 12:01","2025-10-13 12:28","00:27","00:14R","Breast","00:12L",
"Sleep","2025-10-13 10:31","2025-10-13 12:00","01:29",,,,
"Growth","2025-10-13 10:28",,,"3.61kg","51.5cm",,
"Feed","2025-10-13 10:00","2025-10-13 10:15","00:15",,"Breast","00:15L","Comfort"
"Diaper","2025-10-13 09:50",,"yellow","Runny",,"Both, pee:medium poo:medium",
"Pump","2025-10-13 09:30","2025-10-13 09:50","00:20","12ml",,"16ml",
"Feed","2025-10-13 09:30",,,"Breast Milk","Bottle","40ml",
"Growth","2025-10-13 09:00",,,"3.56kg",,,
"Diaper","2025-10-13 09:00",,,,,"Pee:medium","58g net of diaper"
"Feed","2025-10-13 08:52","2025-10-13 09:16","00:24","00:12R","Breast","00:12L",
"Sleep","2025-10-13 06:24","2025-10-13 08:50","02:25",,,,
"Feed","2025-10-13 06:07",,,"Breast Milk","Bottle","40ml",
"Diaper","2025-10-13 06:06",,"yellow","Runny",,"Poo:medium",
"Pump","2025-10-13 06:03","2025-10-13 06:23","00:20","8ml",,"25ml",
"Feed","2025-10-13 05:36","2025-10-13 05:58","00:22","00:11R","Breast","00:11L",
"Growth","2025-10-13 04:18",,,"3.61kg",,,
"Pump","2025-10-13 04:15","2025-10-13 04:35","00:20","26ml",,"24ml",
"Sleep","2025-10-13 04:15","2025-10-13 05:36","01:21",,,,
"Diaper","2025-10-13 04:05",,"yellow","Runny",,"Both, pee:medium poo:small",
"Feed","2025-10-13 04:05","2025-10-13 04:12","00:07",,"Breast","00:07L","Ate 15g more"
"Feed","2025-10-13 03:37","2025-10-13 03:49","00:12","00:12R","Breast",,"Ate 40g and conked out"
"Feed","2025-10-13 01:21","2025-10-13 01:51","00:30","00:30R","Breast",,
"Sleep","2025-10-13 01:17","2025-10-13 03:36","02:19",,,,
"Feed","2025-10-13 00:54","2025-10-13 01:17","00:22",,"Breast","00:22L","Comfort"
"Feed","2025-10-13 00:45",,,"Breast Milk","Bottle","40ml",
"Diaper","2025-10-13 00:36",,"yellow","Runny",,"Both, pee:small poo:small",
"Feed","2025-10-13 00:07",,,"Breast Milk","Bottle","30ml",
"Pump","2025-10-12 23:55","2025-10-13 00:15","00:20","51ml",,,
"Diaper","2025-10-12 23:55",,"yellow","Runny",,"Both, pee:medium poo:small","Maybe large pee"
"Feed","2025-10-12 23:26","2025-10-12 23:49","00:22","00:11R","Breast","00:11L",
"Sleep","2025-10-12 20:49","2025-10-12 23:25","02:35","Happy, under_10_minutes","Worn or held",,
"Pump","2025-10-12 20:38",,,"5ml",,"16ml","Bebe ate a lot"
"Diaper","2025-10-12 20:31",,"yellow","Runny",,"Both, pee:small poo:medium",
"Feed","2025-10-12 20:30",,,"Breast Milk","Bottle","43ml",
"Feed","2025-10-12 19:51","2025-10-12 20:13","00:21","00:12R","Breast","00:09L",
"Sleep","2025-10-12 17:31","2025-10-12 19:50","02:18",,,,
"Feed","2025-10-12 17:23","2025-10-12 17:30","00:06",,"Breast","00:06L","Comfort "
"Diaper","2025-10-12 17:14",,"yellow","Runny",,"Both, pee:small poo:medium",
"Pump","2025-10-12 17:07","2025-10-12 17:19","00:12","17ml",,"25ml",
"Feed","2025-10-12 16:50",,,"Breast Milk","Bottle","43ml",
"Diaper","2025-10-12 16:49",,,,,"Pee:medium",
"Feed","2025-10-12 16:11","2025-10-12 16:37","00:26","00:11R","Breast","00:14L","Drank 40g"
"Sleep","2025-10-12 15:02","2025-10-12 16:05","01:02",,,,
"Sleep","2025-10-12 14:39","2025-10-12 14:48","00:09",,,,
"Growth","2025-10-12 14:25",,,"3.54kg",,,
"Diaper","2025-10-12 14:10",,"yellow","Runny",,"Both, pee:medium poo:medium",
"Pump","2025-10-12 13:47","2025-10-12 14:09","00:22","47ml",,,
"Feed","2025-10-12 13:47",,,"Breast Milk","Bottle","40ml",
"Feed","2025-10-12 13:19","2025-10-12 13:43","00:24","00:15R","Breast","00:09L","45g"
"Sleep","2025-10-12 11:40","2025-10-12 13:19","01:39",,,,
"Diaper","2025-10-12 11:22",,"yellow","Runny",,"Both, pee:large poo:large",
"Feed","2025-10-12 10:49",,,"Breast Milk","Bottle","38ml",
"Pump","2025-10-12 10:38","2025-10-12 10:58","00:20","45ml",,,
"Feed","2025-10-12 10:26","2025-10-12 10:36","00:10","00:10R","Breast",,"Ate 10g"
"Feed","2025-10-12 10:05","2025-10-12 10:15","00:10",,"Breast","00:10L","25g"
"Sleep","2025-10-12 08:00","2025-10-12 10:05","02:05",,,,
"Diaper","2025-10-12 07:40",,"yellow","Runny",,"Both, pee:medium poo:small",
"Pump","2025-10-12 07:18",,,"41ml",,,
"Sleep","2025-10-12 07:17","2025-10-12 07:24","00:07",,,,
"Feed","2025-10-12 07:04","2025-10-12 07:15","00:10",,"Breast","00:10L","Comfort \n"
"Feed","2025-10-12 07:04",,,"Breast Milk","Bottle","17ml",
"Feed","2025-10-12 06:46",,,"Breast Milk","Bottle","32ml",
"Diaper","2025-10-12 06:36",,"yellow","Runny",,"Both, pee:medium poo:small",
"Feed","2025-10-12 05:55","2025-10-12 06:18","00:22","00:11R","Breast","00:11L",
"Sleep","2025-10-12 04:16","2025-10-12 05:42","01:25",,,,
"Pump","2025-10-12 04:02","2025-10-12 04:12","00:10","18ml",,"23ml",
"Feed","2025-10-12 04:00",,,"Breast Milk","Bottle","32ml",
"Feed","2025-10-12 03:27","2025-10-12 03:51","00:23","00:11R","Breast","00:11L",
"Sleep","2025-10-12 01:19","2025-10-12 03:27","02:07",,,,
"Diaper","2025-10-12 00:56",,"yellow","Runny",,"Both, pee:small poo:small",
"Feed","2025-10-12 00:55",,,"Breast Milk","Bottle","35ml",
"Pump","2025-10-12 00:49","2025-10-12 00:57","00:08","10ml",,"27ml",
"Feed","2025-10-12 00:13","2025-10-12 00:35","00:21","00:11R","Breast","00:10L",
"Sleep","2025-10-11 22:18","2025-10-12 00:12","01:53",,,,
"Diaper","2025-10-11 21:55",,"yellow","Runny",,"Poo:large",
"Feed","2025-10-11 21:54","2025-10-11 21:58","00:03",,"Breast","00:03L","Comfort for hiccups "
"Feed","2025-10-11 21:06","2025-10-11 21:29","00:22","00:09R","Breast","00:12L",
"Sleep","2025-10-11 20:38","2025-10-11 20:56","00:18",,,,
"Diaper","2025-10-11 20:15",,"yellow","Runny",,"Both, pee:large poo:medium",
"Feed","2025-10-11 20:15",,,"Breast Milk","Bottle","32ml",
"Pump","2025-10-11 20:10","2025-10-11 20:21","00:11","10ml",,"28ml",
"Feed","2025-10-11 19:35","2025-10-11 19:59","00:23","00:14R","Breast","00:09L",
"Sleep","2025-10-11 17:42","2025-10-11 19:35","01:53",,,,
"Feed","2025-10-11 17:04","2025-10-11 17:18","00:14",,"Breast","00:14L","Comfort "
"Feed","2025-10-11 17:00",,,"Breast Milk","Bottle","35ml",
"Diaper","2025-10-11 16:42",,"yellow","Runny",,"Both, pee:medium poo:medium",
"Pump","2025-10-11 16:30","2025-10-11 16:52","00:22","45ml",,,
"Feed","2025-10-11 16:11","2025-10-11 16:35","00:24","00:11R","Breast","00:12L","Ate 55g"
"Sleep","2025-10-11 14:05","2025-10-11 16:11","02:06",,,,
"Feed","2025-10-11 13:21","2025-10-11 13:33","00:12",,"Breast","00:12L","Comfort, spit up most of it"
"Feed","2025-10-11 12:52",,,"Breast Milk","Bottle","32ml",
"Diaper","2025-10-11 12:51",,"yellow","Runny",,"Both, pee:small poo:medium",
"Pump","2025-10-11 12:45",,,"45ml",,,
"Feed","2025-10-11 12:12","2025-10-11 12:37","00:25","00:14R","Breast","00:11L",
"Sleep","2025-10-11 09:43","2025-10-11 12:03","02:20",,,,
"Growth","2025-10-11 09:21",,,"3.55kg",,,
"Diaper","2025-10-11 09:21",,"yellow","Runny",,"Both, pee:large poo:medium",
"Pump","2025-10-11 08:50","2025-10-11 09:12","00:22","52ml",,,
"Feed","2025-10-11 08:31",,,"Breast Milk","Bottle","50ml",
"Feed","2025-10-11 07:57","2025-10-11 08:22","00:24","00:11R","Breast","00:13L",
"Sleep","2025-10-11 06:11","2025-10-11 07:51","01:40","10-20_minutes","Next to carer, worn or held",,"Drowsy"
"Diaper","2025-10-11 05:28",,"yellow","Runny",,"Both, pee:large poo:medium",
"Feed","2025-10-11 05:07",,,"Breast Milk","Bottle","32ml",
"Pump","2025-10-11 05:06","2025-10-11 05:27","00:21","44ml",,,
"Growth","2025-10-11 04:36",,,"3.55kg",,,
"Feed","2025-10-11 04:36","2025-10-11 05:01","00:25","00:14R","Breast","00:11L",
"Sleep","2025-10-11 02:29","2025-10-11 04:36","02:07",,,,
"Feed","2025-10-11 02:18","2025-10-11 02:28","00:10","00:10R","Breast",,"Comfort"
"Diaper","2025-10-11 01:57",,"yellow","Runny",,"Both, pee:large poo:small",
"Feed","2025-10-11 01:57",,,"Breast Milk","Bottle","45ml",
"Pump","2025-10-11 01:42","2025-10-11 02:07","00:25","65ml",,,
"Feed","2025-10-11 01:38","2025-10-11 01:41","00:03","00:03R","Breast",,
"Feed","2025-10-11 01:16","2025-10-11 01:34","00:18","00:08R","Breast","00:10L",
"Sleep","2025-10-10 22:30","2025-10-11 01:15","02:45","10-20_minutes, long time to fall asleep","Nursing","Woke up child",
"Feed","2025-10-10 22:20","2025-10-10 22:30","00:09","00:09R","Breast",,"Comfort"
"Sleep","2025-10-10 22:09","2025-10-10 22:16","00:06",,,,
"Feed","2025-10-10 22:00","2025-10-10 22:09","00:08","00:08R","Breast",,"Comfort"
"Feed","2025-10-10 21:45","2025-10-10 21:50","00:05",,"Breast","00:05L","Comfort"
"Feed","2025-10-10 21:05",,,"Breast Milk","Bottle","42ml",
"Diaper","2025-10-10 21:03",,"yellow","Runny",,"Both, pee:medium poo:small",
"Pump","2025-10-10 20:58","2025-10-10 21:18","00:20","39ml",,,
"Feed","2025-10-10 20:36","2025-10-10 20:55","00:19","00:05R","Breast","00:13L",
"Sleep","2025-10-10 18:49","2025-10-10 20:34","01:44",,,,
"Feed","2025-10-10 18:43","2025-10-10 18:49","00:06",,"Breast","00:06L",
"Feed","2025-10-10 18:33","2025-10-10 18:40","00:07","00:07R","Breast",,
"Feed","2025-10-10 18:17","2025-10-10 18:25","00:07","00:07R","Breast",,
"Feed","2025-10-10 17:58",,,"Breast Milk","Bottle","42ml",
"Diaper","2025-10-10 17:47",,"yellow","Runny",,"Both, pee:medium poo:small",
"Pump","2025-10-10 17:45","2025-10-10 18:07","00:22","41ml",,,
"Feed","2025-10-10 17:15","2025-10-10 17:39","00:24","00:12R","Breast","00:11L",
"Sleep","2025-10-10 15:59","2025-10-10 17:15","01:16",,,,
"Growth","2025-10-10 15:40",,,"3.55kg",,,
"Diaper","2025-10-10 15:36",,"yellow","Runny",,"Both, pee:small poo:small",
"Pump","2025-10-10 15:27","2025-10-10 15:48","00:21","43ml",,,
"Feed","2025-10-10 15:19","2025-10-10 15:28","00:09","00:09R","Breast",,
"Feed","2025-10-10 15:14",,,"Breast Milk","Bottle","42ml",
"Feed","2025-10-10 14:42","2025-10-10 14:53","00:11",,"Breast","00:11L",
"Sleep","2025-10-10 13:36","2025-10-10 14:42","01:05",,,,
"Feed","2025-10-10 13:12","2025-10-10 13:18","00:06",,"Breast","00:06L","Comfort"
"Diaper","2025-10-10 13:09",,"yellow","Runny",,"Both, pee:small poo:small",
"Feed","2025-10-10 12:51","2025-10-10 13:01","00:10",,"Breast","00:10L","Didn't eat anything apparently from weighted feed"
"Pump","2025-10-10 12:35","2025-10-10 12:45","00:10","25ml",,"0ml",
"Feed","2025-10-10 12:25","2025-10-10 12:36","00:10","00:10R","Breast",,"Ate 35g"
"Sleep","2025-10-10 10:36","2025-10-10 12:24","01:47",,,,
"Feed","2025-10-10 10:21","2025-10-10 10:36","00:14",,"Breast","00:14L","Comfort to sleep"
"Growth","2025-10-10 09:57",,,"3.48kg",,,
"Feed","2025-10-10 09:12","2025-10-10 09:20","00:08","00:08R","Breast",,"Comfort, spit up a lot"
"Diaper","2025-10-10 09:06",,"yellow","Runny",,"Both, pee:medium poo:medium",
"Feed","2025-10-10 08:53",,,"Breast Milk","Bottle","42ml",
"Diaper","2025-10-10 08:43",,"yellow",,,"Both, pee:large poo:medium",
"Pump","2025-10-10 08:40","2025-10-10 09:00","00:20","61ml",,,
"Feed","2025-10-10 07:56","2025-10-10 08:27","00:31","00:13R","Breast","00:17L",
"Sleep","2025-10-10 06:12","2025-10-10 07:33","01:21",,,,
"Feed","2025-10-10 06:00",,,"Breast Milk","Bottle","40ml",
"Diaper","2025-10-10 05:51",,"yellow","Runny",,"Both, pee:large poo:medium",
"Pump","2025-10-10 05:19","2025-10-10 05:45","00:26","57ml",,,
"Feed","2025-10-10 04:39","2025-10-10 05:04","00:25","00:14R","Breast","00:10L",
"Sleep","2025-10-10 02:01","2025-10-10 04:38","02:36",,,,
"Feed","2025-10-10 01:44","2025-10-10 01:52","00:08",,"Breast","00:08L",
"Diaper","2025-10-10 01:38",,"yellow","Runny",,"Both, pee:large poo:small",
"Feed","2025-10-10 01:30",,,"Breast Milk","Bottle","42ml",
"Pump","2025-10-10 01:22","2025-10-10 01:44","00:22","45ml",,,
"Feed","2025-10-10 00:50","2025-10-10 01:15","00:25","00:13R","Breast","00:12L",
"Sleep","2025-10-09 22:36","2025-10-10 00:50","02:13",,,,
"Feed","2025-10-09 22:23","2025-10-09 22:34","00:11",,"Breast","00:11L","Comfort"
"Feed","2025-10-09 21:23",,,"Breast Milk","Bottle","42ml",
"Pump","2025-10-09 21:18","2025-10-09 21:39","00:21","48ml",,,
"Feed","2025-10-09 20:52","2025-10-09 21:03","00:10",,"Breast","00:10L",
"Feed","2025-10-09 20:34","2025-10-09 20:49","00:14","00:14R","Breast",,
"Sleep","2025-10-09 18:33","2025-10-09 20:25","01:52",,,,
"Diaper","2025-10-09 18:32",,"yellow","Runny",,"Both, poo:medium",
"Feed","2025-10-09 18:01","2025-10-09 18:09","00:07","00:07R","Breast",,
"Sleep","2025-10-09 17:50","2025-10-09 18:09","00:19",,,,
"Feed","2025-10-09 17:41","2025-10-09 17:49","00:08",,"Breast","00:08L",
"Diaper","2025-10-09 16:56",,"yellow","Runny",,"Both, pee:medium poo:small",
"Feed","2025-10-09 16:45",,,"Breast Milk","Bottle","52ml",
"Pump","2025-10-09 16:21","2025-10-09 16:48","00:27","60ml",,,
"Feed","2025-10-09 15:51","2025-10-09 16:15","00:24","00:12R","Breast","00:12L",
"Sleep","2025-10-09 14:25","2025-10-09 15:51","01:26",,,,
"Diaper","2025-10-09 14:12",,"yellow","Runny",,"Both, pee:medium poo:medium",
"Diaper","2025-10-09 13:00",,"yellow","Runny",,"Both, pee:small poo:small",
"Pump","2025-10-09 12:47","2025-10-09 13:11","00:24","43ml",,,
"Feed","2025-10-09 12:43",,,"Breast Milk","Bottle","42ml",
"Feed","2025-10-09 12:09","2025-10-09 12:35","00:25","00:11R","Breast","00:14L",
"Diaper","2025-10-09 12:00",,,,,"Pee:small",
"Diaper","2025-10-09 11:00",,,,,"Pee:small",
"Sleep","2025-10-09 10:55","2025-10-09 12:06","01:11",,,,
"Pump","2025-10-09 09:30","2025-10-09 09:53","00:23","39ml",,,
"Feed","2025-10-09 09:30",,,"Breast Milk","Bottle","42ml",
"Feed","2025-10-09 09:10","2025-10-09 09:23","00:12",,"Breast","00:12L",
"Feed","2025-10-09 08:51","2025-10-09 09:07","00:15","00:15R","Breast",,
"Sleep","2025-10-09 07:20","2025-10-09 08:40","01:20","Happy","Nursing","Upset",
"Diaper","2025-10-09 07:06",,"yellow","Runny",,"Both, pee:medium poo:small",
"Growth","2025-10-09 07:05",,,"3.48kg",,,
"Feed","2025-10-09 07:04","2025-10-09 07:14","00:10",,"Breast","00:10L",
"Sleep","2025-10-09 06:01","2025-10-09 07:03","01:02",,,,
"Diaper","2025-10-09 05:50",,,,,"Pee:small",
"Pump","2025-10-09 05:24","2025-10-09 05:47","00:23","56ml",,,
"Feed","2025-10-09 05:23",,,"Breast Milk","Bottle","42ml",
"Feed","2025-10-09 04:52","2025-10-09 05:17","00:24","00:12R","Breast","00:12L",
"Sleep","2025-10-09 02:54","2025-10-09 04:46","01:52",,,,
"Feed","2025-10-09 02:30",,,"Breast Milk","Bottle","42ml",
"Pump","2025-10-09 02:20","2025-10-09 02:50","00:30","25ml",,"26ml",
"Feed","2025-10-09 01:56","2025-10-09 02:18","00:22","00:11R","Breast","00:10L",
"Diaper","2025-10-09 01:53",,"yellow","Runny",,"Both, pee:medium poo:small",
"Sleep","2025-10-09 01:34","2025-10-09 01:55","00:20",,,,
"Sleep","2025-10-08 23:10","2025-10-09 01:14","02:03",,,,
"Feed","2025-10-08 22:47",,,"Breast Milk","Bottle","30ml",
"Pump","2025-10-08 22:46","2025-10-08 23:06","00:20","30ml",,,
"Feed","2025-10-08 22:18","2025-10-08 22:37","00:18","00:10R","Breast","00:08L",
"Sleep","2025-10-08 20:36","2025-10-08 22:17","01:41",,,,
"Growth","2025-10-08 19:44",,,"3.46kg",,,
"Pump","2025-10-08 19:27","2025-10-08 19:45","00:18","29ml",,,
"Feed","2025-10-08 19:05","2025-10-08 19:21","00:16","00:16R","Breast",,
"Feed","2025-10-08 18:57",,,"Breast Milk","Bottle","45ml",
"Feed","2025-10-08 18:44","2025-10-08 18:55","00:11",,"Breast","00:11L",
"Sleep","2025-10-08 17:30","2025-10-08 18:39","01:09",,,,
"Pump","2025-10-08 17:26","2025-10-08 17:44","00:18","66ml",,,
"Diaper","2025-10-08 16:47",,"yellow","Runny",,"Both, pee:small poo:small",
"Feed","2025-10-08 16:43","2025-10-08 17:07","00:24","00:11R","Breast","00:12L",
"Sleep","2025-10-08 14:13","2025-10-08 16:43","02:29",,,,
"Feed","2025-10-08 13:00",,,"Breast Milk","Bottle","55ml","Spit up at least 5ml"
"Pump","2025-10-08 12:56","2025-10-08 13:19","00:23","42ml",,,
"Feed","2025-10-08 12:25","2025-10-08 12:48","00:23","00:10R","Breast","00:12L",
"Sleep","2025-10-08 11:15","2025-10-08 12:25","01:09",,,,
"Diaper","2025-10-08 11:09",,"yellow","Runny",,"Both, pee:medium poo:small",
"Growth","2025-10-08 11:01",,,"7.74lbs.oz",,,
"Diaper","2025-10-08 10:29",,"yellow","Runny",,"Both, pee:large poo:small",
"Feed","2025-10-08 10:02","2025-10-08 10:23","00:21","00:10R","Breast","00:10L",
"Feed","2025-10-08 09:51",,,"Breast Milk","Bottle","45ml",
"Pump","2025-10-08 09:45","2025-10-08 10:01","00:16","17ml",,"21ml",
"Feed","2025-10-08 09:11","2025-10-08 09:35","00:24","00:12R","Breast","00:11L",
"Sleep","2025-10-08 07:00","2025-10-08 09:03","02:03",,,,
"Feed","2025-10-08 06:40",,,"Breast Milk","Bottle","45ml",
"Pump","2025-10-08 06:30","2025-10-08 06:50","00:20","19ml",,"24ml",
"Diaper","2025-10-08 06:17",,"yellow","Runny",,"Both, pee:medium poo:small",
"Feed","2025-10-08 06:01","2025-10-08 06:23","00:22","00:11R","Breast","00:10L",
"Sleep","2025-10-08 03:36","2025-10-08 05:56","02:20",,,,
"Feed","2025-10-08 03:29",,,"Breast Milk","Bottle","10ml",
"Feed","2025-10-08 03:22",,,"Breast Milk","Bottle","46ml",
"Diaper","2025-10-08 03:11",,"yellow","Runny",,"Both, pee:medium poo:medium",
"Pump","2025-10-08 03:10","2025-10-08 03:20","00:10","0ml",,"30ml",
"Feed","2025-10-08 02:56","2025-10-08 03:09","00:12","00:12R","Breast",,
"Pump","2025-10-08 02:28","2025-10-08 02:39","00:11","30ml",,"8ml",
"Sleep","2025-10-08 00:24","2025-10-08 02:56","02:31",,,,
"Feed","2025-10-08 00:11",,,"Breast Milk","Bottle","45ml",
"Pump","2025-10-07 23:49","2025-10-08 00:18","00:29","17ml",,"30ml",
"Diaper","2025-10-07 23:24",,,,,"Pee:large",
"Feed","2025-10-07 23:24","2025-10-07 23:46","00:21","00:10R","Breast","00:11L",
"Sleep","2025-10-07 21:46","2025-10-07 23:20","01:34",,,,
"Feed","2025-10-07 21:20","2025-10-07 21:27","00:07",,"Breast","00:07L","Comfort"
"Feed","2025-10-07 20:51","2025-10-07 21:00","00:09","00:09R","Breast",,"Comfort"
"Feed","2025-10-07 20:10","2025-10-07 20:17","00:06",,"Breast","00:06L","Comfort"
"Feed","2025-10-07 19:39",,,"Breast Milk","Bottle","45ml",
"Pump","2025-10-07 19:30","2025-10-07 19:53","00:23","20ml",,"17ml",
"Diaper","2025-10-07 19:30",,"yellow","Runny",,"Both, pee:medium poo:medium",
"Feed","2025-10-07 19:00","2025-10-07 19:23","00:23","00:10R","Breast","00:12L",
"Sleep","2025-10-07 17:59","2025-10-07 19:00","01:01",,,,
"Feed","2025-10-07 17:44","2025-10-07 17:56","00:11","00:11R","Breast",,"Comfort "
"Growth","2025-10-07 17:42",,,"3.43kg",,,
"Diaper","2025-10-07 17:42",,,,,"Pee:medium",
"Sleep","2025-10-07 17:00","2025-10-07 17:41","00:40",,,,
"Feed","2025-10-07 16:56","2025-10-07 17:00","00:04",,"Breast","00:04L","Comfort nursing to sleep"
"Feed","2025-10-07 16:26",,,"Breast Milk","Bottle","15ml",
"Feed","2025-10-07 15:52",,,"Breast Milk","Bottle","45ml",
"Pump","2025-10-07 15:48","2025-10-07 16:00","00:12","39ml",,,"Plus 5m of expressing.  32.8 from pump, 6.9 hand"
"Feed","2025-10-07 15:10","2025-10-07 15:34","00:23","00:11R","Breast","00:11L",
"Sleep","2025-10-07 13:23","2025-10-07 15:07","01:44",,,,
"Pump","2025-10-07 13:11","2025-10-07 13:33","00:22","51ml",,,
"Feed","2025-10-07 13:11",,,"Breast Milk","Bottle","43ml",
"Feed","2025-10-07 12:22","2025-10-07 12:41","00:19","00:07R","Breast","00:12L",
"Diaper","2025-10-07 12:20",,,,,"Pee:medium",
"Sleep","2025-10-07 10:16","2025-10-07 12:08","01:51",,,,
"Growth","2025-10-07 10:03",,,"3.45kg",,,
"Diaper","2025-10-07 09:59",,"yellow","Runny",,"Poo:large",
"Feed","2025-10-07 09:42","2025-10-07 09:49","00:06","00:06R","Breast",,
"Feed","2025-10-07 09:05",,,"Breast Milk","Bottle","45ml",
"Pump","2025-10-07 08:44","2025-10-07 09:09","00:25","43ml",,,
"Diaper","2025-10-07 08:16",,"yellow","Runny",,"Both, pee:medium poo:medium",
"Feed","2025-10-07 08:15","2025-10-07 08:43","00:27","00:12R","Breast","00:15L",
"Sleep","2025-10-07 05:38","2025-10-07 08:11","02:33",,,,
"Feed","2025-10-07 05:30",,,"Breast Milk","Bottle","43ml",
"Pump","2025-10-07 05:22","2025-10-07 05:42","00:20","18ml",,"29ml",
"Feed","2025-10-07 04:43","2025-10-07 05:08","00:25","00:13R","Breast","00:12L",
"Diaper","2025-10-07 04:41",,"yellow","Runny",,"Both, pee:medium poo:small",
"Sleep","2025-10-07 02:46","2025-10-07 04:33","01:46",,,,
"Feed","2025-10-07 02:18","2025-10-07 02:29","00:10","00:10R","Breast",,
"Sleep","2025-10-07 02:05","2025-10-07 02:16","00:10",,,,
"Diaper","2025-10-07 01:37",,"yellow","Runny",,"Both, pee:medium poo:small",
"Pump","2025-10-07 01:34","2025-10-07 01:59","00:25","19ml",,"36ml",
"Feed","2025-10-07 01:30",,,"Breast Milk","Bottle","43ml",
"Feed","2025-10-07 00:55","2025-10-07 01:20","00:24","00:12R","Breast","00:12L",
"Sleep","2025-10-06 23:15","2025-10-07 00:53","01:37",,,,
"Pump","2025-10-06 22:01","2025-10-06 22:24","00:23","47ml",,,
"Feed","2025-10-06 21:30","2025-10-06 21:59","00:28","00:16R","Breast","00:12L",
"Diaper","2025-10-06 21:27",,"yellow","Runny",,"Both, pee:large poo:medium",
"Sleep","2025-10-06 19:46","2025-10-06 21:21","01:35",,,,
"Sleep","2025-10-06 19:14","2025-10-06 19:28","00:13",,,,
"Feed","2025-10-06 18:54","2025-10-06 19:02","00:08",,"Breast","00:08L",
"Feed","2025-10-06 18:36",,,"Breast Milk","Bottle","15ml",
"Feed","2025-10-06 18:24","2025-10-06 18:32","00:08","00:08R","Breast",,
"Feed","2025-10-06 18:01","2025-10-06 18:10","00:08",,"Breast","00:08L","Comfort nursing"
"Feed","2025-10-06 17:46",,,"Breast Milk","Bottle","43ml",
"Pump","2025-10-06 17:41","2025-10-06 18:01","00:20","20ml",,"24ml",
"Feed","2025-10-06 17:12","2025-10-06 17:37","00:25","00:12R","Breast","00:12L",
"Diaper","2025-10-06 17:00",,"yellow","Runny",,"Both, pee:medium poo:small",
"Sleep","2025-10-06 15:33","2025-10-06 17:04","01:31",,,,
"Feed","2025-10-06 14:50",,,"Breast Milk","Bottle","37ml",
"Feed","2025-10-06 14:31","2025-10-06 14:42","00:10","00:10R","Breast",,
"Growth","2025-10-06 14:30",,,"3.42kg",,,
"Diaper","2025-10-06 14:29",,"yellow","Runny",,"Both, pee:small poo:small",
"Feed","2025-10-06 14:08","2025-10-06 14:24","00:16","00:07R","Breast","00:09L",
"Sleep","2025-10-06 12:12","2025-10-06 14:01","01:49",,,,
"Pump","2025-10-06 11:57","2025-10-06 12:17","00:20","25ml",,"20ml",
"Growth","2025-10-06 11:42",,,"3.41kg",,,
"Diaper","2025-10-06 11:42",,"yellow","Runny",,"Both, pee:medium poo:medium",
"Feed","2025-10-06 11:30","2025-10-06 11:54","00:23","00:14R","Breast","00:09L",
"Sleep","2025-10-06 09:46","2025-10-06 11:23","01:37",,,,
"Feed","2025-10-06 09:35","2025-10-06 09:38","00:03",,"Breast","00:03L","Nursing to sleep"
"Diaper","2025-10-06 09:21",,"yellow","Runny",,"Poo:small",
"Feed","2025-10-06 09:20",,,"Breast Milk","Bottle","15ml",
"Feed","2025-10-06 08:09","2025-10-06 08:49","00:40","00:20R","Breast","00:20L",
"Feed","2025-10-06 07:32",,,"Breast Milk","Bottle","42ml",
"Feed","2025-10-06 07:29","2025-10-06 07:45","00:15","00:15R","Breast",,
"Diaper","2025-10-06 07:00",,"yellow","Runny",,"Both, pee:medium poo:small","74g including diaper"
"Feed","2025-10-06 07:00","2025-10-06 07:15","00:15",,"Breast","00:15L",
"Sleep","2025-10-06 05:00","2025-10-06 07:00","02:00",,,,
"Feed","2025-10-06 04:47","2025-10-06 04:56","00:08",,"Breast","00:08L",
"Feed","2025-10-06 04:42",,,"Breast Milk","Bottle","5ml",
"Pump","2025-10-06 04:22","2025-10-06 04:42","00:20","20ml",,"23ml",
"Feed","2025-10-06 04:22",,,"Breast Milk","Bottle","40ml",
"Feed","2025-10-06 03:34","2025-10-06 04:00","00:25","00:15R","Breast","00:10L",
"Pump","2025-10-06 01:05",,,"0ml",,"30ml",
"Sleep","2025-10-06 01:00","2025-10-06 03:29","02:29",,,,
"Pump","2025-10-06 00:36",,,"19ml",,"0ml",
"Feed","2025-10-06 00:36","2025-10-06 00:46","00:09","00:09R","Breast",,
"Feed","2025-10-06 00:32",,,"Breast Milk","Bottle","42ml",
"Diaper","2025-10-06 00:10",,"yellow","Runny",,"Poo:medium",
"Feed","2025-10-06 00:06","2025-10-06 00:20","00:14",,"Breast","00:14L",
"Sleep","2025-10-05 21:41","2025-10-06 00:01","02:20",,,,
"Feed","2025-10-05 21:26","2025-10-05 21:37","00:11","00:11R","Breast",,
"Feed","2025-10-05 21:04","2025-10-05 21:15","00:11",,"Breast","00:11L",
"Diaper","2025-10-05 20:51",,"yellow","Runny",,"Both, pee:medium poo:medium",
"Feed","2025-10-05 20:35","2025-10-05 20:44","00:08","00:08R","Breast",,
"Pump","2025-10-05 19:43",,,"0ml",,"20ml",
"Feed","2025-10-05 19:43","2025-10-05 19:50","00:07",,"Breast","00:07L",
"Feed","2025-10-05 19:30",,,"Breast Milk","Bottle","40ml",
"Feed","2025-10-05 19:04","2025-10-05 19:20","00:15","00:15R","Breast",,
"Diaper","2025-10-05 18:59",,,,,"Pee:medium",
"Growth","2025-10-05 17:24",,,"3.4kg",,,
"Feed","2025-10-05 17:15",,,"Breast Milk","Bottle","20ml",
"Sleep","2025-10-05 17:15","2025-10-05 18:56","01:41",,,,
"Diaper","2025-10-05 17:04",,"yellow","Runny",,"Poo:medium",
"Growth","2025-10-05 17:00",,,"3.4kg",,,
"Pump","2025-10-05 16:46",,,"24ml",,"27ml",
"Feed","2025-10-05 16:24",,,"Breast Milk","Bottle","30ml",
"Diaper","2025-10-05 16:00",,,,,"Pee:medium",
"Feed","2025-10-05 15:57","2025-10-05 16:17","00:20","00:06R","Breast","00:13L",
"Sleep","2025-10-05 14:27","2025-10-05 15:56","01:29",,,,
"Sleep","2025-10-05 14:05","2025-10-05 14:11","00:06",,,,
"Feed","2025-10-05 13:49","2025-10-05 14:01","00:12","00:07R","Breast","00:04L",
"Feed","2025-10-05 13:49",,,"Breast Milk","Bottle","15ml",
"Growth","2025-10-05 13:27",,,"3.41kg",,,
"Pump","2025-10-05 13:27",,,"33ml",,,
"Diaper","2025-10-05 13:25",,"yellow","Runny",,"Poo:medium",
"Feed","2025-10-05 13:11",,,"Breast Milk","Bottle","30ml",
"Feed","2025-10-05 12:33","2025-10-05 12:56","00:22","00:10R","Breast","00:12L",
"Diaper","2025-10-05 12:32",,,,,"Pee:small",
"Pump","2025-10-05 10:32",,,"41ml",,,
"Sleep","2025-10-05 10:15","2025-10-05 12:24","02:09",,,,
"Feed","2025-10-05 09:58","2025-10-05 10:11","00:13","00:13R","Breast",,
"Feed","2025-10-05 09:48",,,"Breast Milk","Bottle","33ml",
"Feed","2025-10-05 09:30","2025-10-05 09:43","00:12",,"Breast","00:12L",
"Diaper","2025-10-05 09:27",,"yellow","Runny",,"Both, pee:medium poo:medium",
"Pump","2025-10-05 08:00",,,"36ml",,,
"Sleep","2025-10-05 07:30","2025-10-05 09:13","01:43",,,,
"Growth","2025-10-05 07:28",,,"3.38kg",,,
"Diaper","2025-10-05 07:24",,"yellow","Runny",,"Both, pee:small poo:medium",
"Feed","2025-10-05 07:12",,,"Breast Milk","Bottle","11ml",
"Feed","2025-10-05 07:00","2025-10-05 07:22","00:22","00:12R","Breast","00:09L",
"Sleep","2025-10-05 05:12","2025-10-05 06:55","01:42",,,,
"Diaper","2025-10-05 04:18",,"yellow","Runny",,"Both, pee:small poo:medium",
"Pump","2025-10-05 04:10",,,"46ml",,,
"Feed","2025-10-05 04:04",,,"Breast Milk","Bottle","37ml",
"Feed","2025-10-05 03:11","2025-10-05 03:42","00:31","00:12R","Breast","00:19L",
"Sleep","2025-10-05 01:26","2025-10-05 03:06","01:40",,,,
"Diaper","2025-10-05 01:05",,"yellow","Runny",,"Both, pee:medium poo:medium",
"Pump","2025-10-05 00:58",,,"37ml",,,
"Feed","2025-10-05 00:57",,,"Breast Milk","Bottle","50ml",
"Feed","2025-10-05 00:12","2025-10-05 00:38","00:26","00:13R","Breast","00:13L",
"Sleep","2025-10-04 22:53","2025-10-05 00:09","01:15",,,,
"Feed","2025-10-04 21:59",,,"Breast Milk","Bottle","42ml",
"Diaper","2025-10-04 21:58",,"yellow","Runny",,"Both, pee:medium poo:small",
"Feed","2025-10-04 21:07","2025-10-04 21:30","00:23","00:12R","Breast","00:11L",
"Sleep","2025-10-04 19:39","2025-10-04 21:06","01:26",,,,
"Feed","2025-10-04 18:55","2025-10-04 18:55","00:00",,"Breast","00:00L",
"Feed","2025-10-04 18:51",,,"Breast Milk","Bottle","30ml",
"Diaper","2025-10-04 18:26",,"yellow","Runny",,"Both, pee:medium poo:small",
"Feed","2025-10-04 17:49","2025-10-04 18:18","00:28","00:14R","Breast","00:14L",
"Sleep","2025-10-04 16:31","2025-10-04 17:49","01:18",,,,
"Feed","2025-10-04 15:55","2025-10-04 16:03","00:07","00:07R","Breast",,"Comfort feeding"
"Feed","2025-10-04 15:37","2025-10-04 15:49","00:11",,"Breast","00:11L",
"Diaper","2025-10-04 15:34",,"yellow","Runny",,"Both, pee:medium poo:medium",
"Feed","2025-10-04 15:01",,,"Breast Milk","Bottle","30ml",
"Feed","2025-10-04 14:07","2025-10-04 14:39","00:32","00:17R","Breast","00:15L",
"Sleep","2025-10-04 12:07","2025-10-04 14:07","02:00",,,,
"Feed","2025-10-04 11:37","2025-10-04 11:51","00:14","00:14R","Breast",,
"Diaper","2025-10-04 11:33",,"yellow","Runny",,"Both, pee:large poo:medium",
"Sleep","2025-10-04 11:25","2025-10-04 11:30","00:05",,,,
"Feed","2025-10-04 11:01","2025-10-04 11:12","00:10",,"Breast","00:10L","Comfort nursing "
"Sleep","2025-10-04 09:53","2025-10-04 10:59","01:05",,,,
"Feed","2025-10-04 09:35","2025-10-04 09:48","00:12","00:12R","Breast","00:00L",
"Growth","2025-10-04 09:28",,,"3.41kg",,,
"Diaper","2025-10-04 09:06",,"yellow","Runny",,"Both, pee:medium poo:small",
"Feed","2025-10-04 09:05",,,"Breast Milk","Bottle","40ml",
"Growth","2025-10-04 07:53",,,"3.4kg",,,
"Feed","2025-10-04 07:52","2025-10-04 08:23","00:30","00:16R","Breast","00:14L",
"Sleep","2025-10-04 05:42","2025-10-04 07:52","02:09",,,,
"Feed","2025-10-04 05:32",,,"Breast Milk","Bottle","40ml",
"Diaper","2025-10-04 05:21",,"yellow","Runny",,"Both, pee:medium poo:medium",
"Feed","2025-10-04 04:47","2025-10-04 05:16","00:29","00:15R","Breast","00:14L",
"Sleep","2025-10-04 02:42","2025-10-04 04:47","02:05",,,,
"Diaper","2025-10-04 02:19",,"yellow","Runny",,"Both, pee:medium poo:medium",
"Feed","2025-10-04 02:19",,,"Breast Milk","Bottle","44ml",
"Feed","2025-10-04 01:25","2025-10-04 01:51","00:26","00:12R","Breast","00:13L",
"Sleep","2025-10-03 23:31","2025-10-04 01:24","01:53",,,,
"Diaper","2025-10-03 23:21",,"yellow","Runny",,"Both, pee:large poo:medium",
"Feed","2025-10-03 23:13",,,"Breast Milk","Bottle","44ml",
"Feed","2025-10-03 22:36","2025-10-03 23:00","00:24","00:13R","Breast","00:11L",
"Sleep","2025-10-03 20:07","2025-10-03 22:36","02:29",,,,
"Feed","2025-10-03 20:02",,,"Breast Milk","Bottle","45ml",
"Feed","2025-10-03 19:36",,,"Breast Milk","Bottle","25ml",
"Feed","2025-10-03 18:24","2025-10-03 19:00","00:36","00:13R","Breast","00:23L",
"Feed","2025-10-03 18:24",,,"Breast Milk","Bottle","40ml",
"Diaper","2025-10-03 18:10",,"yellow","Runny",,"Both, pee:medium poo:small",
"Feed","2025-10-03 17:43","2025-10-03 18:10","00:26","00:11R","Breast","00:15L",
"Sleep","2025-10-03 15:40","2025-10-03 17:35","01:55",,,,
"Diaper","2025-10-03 15:23",,"yellow","Runny",,"Both, pee:medium poo:small",
"Feed","2025-10-03 15:23","2025-10-03 15:40","00:16",,"Breast","00:16L",
"Feed","2025-10-03 15:21",,,"Breast Milk","Bottle","14ml",
"Growth","2025-10-03 15:00",,,"3.37kg",,,
"Feed","2025-10-03 14:58",,,"Breast Milk","Bottle","42ml",
"Diaper","2025-10-03 14:46",,"yellow","Runny",,"Both, pee:medium poo:small",
"Feed","2025-10-03 14:23","2025-10-03 14:35","00:12","00:12R","Breast",,
"Feed","2025-10-03 14:06","2025-10-03 14:19","00:13",,"Breast","00:13L",
"Sleep","2025-10-03 12:27","2025-10-03 14:06","01:39",,,,
"Growth","2025-10-03 12:16",,,"3.34kg",,,
"Growth","2025-10-03 11:52",,,"3.31kg",,,
"Feed","2025-10-03 11:52","2025-10-03 12:13","00:21","00:10R","Breast","00:10L",
"Diaper","2025-10-03 11:51",,"yellow","Runny",,"Both, pee:large poo:medium",
"Feed","2025-10-03 10:43","2025-10-03 10:46","00:03","00:03R","Breast",,
"Feed","2025-10-03 09:30","2025-10-03 09:39","00:09",,"Breast","00:09L",
"Feed","2025-10-03 09:08",,,"Breast Milk","Bottle","46ml",
"Feed","2025-10-03 08:37","2025-10-03 09:03","00:25","00:13R","Breast","00:12L",
"Diaper","2025-10-03 08:35",,"yellow","Runny",,"Poo:medium",
"Sleep","2025-10-03 07:00","2025-10-03 08:36","01:36",,,,
"Feed","2025-10-03 06:06","2025-10-03 06:34","00:28","00:18R","Breast","00:09L",
"Sleep","2025-10-03 03:31","2025-10-03 05:59","02:27",,,,
"Diaper","2025-10-03 03:23",,,,,"Pee:medium",
"Feed","2025-10-03 03:13",,,"Breast Milk","Bottle","33ml",
"Feed","2025-10-03 02:40","2025-10-03 03:04","00:23","00:13R","Breast","00:10L",
"Sleep","2025-10-03 00:40","2025-10-03 02:40","02:00",,,,
"Diaper","2025-10-03 00:20",,"yellow","Runny",,"Both, pee:medium poo:medium",
"Feed","2025-10-03 00:00",,,"Breast Milk","Bottle","49ml",
"Feed","2025-10-02 23:52","2025-10-02 23:58","00:06","00:06R","Breast",,
"Feed","2025-10-02 23:08","2025-10-02 23:31","00:23","00:12R","Breast","00:10L",
"Sleep","2025-10-02 21:30","2025-10-02 23:08","01:38",,,,
"Feed","2025-10-02 21:17","2025-10-02 21:31","00:14",,"Breast","00:14L",
"Diaper","2025-10-02 20:56",,"yellow","Runny",,"Both, pee:medium poo:medium",
"Feed","2025-10-02 20:26",,,"Breast Milk","Bottle","32ml",
"Feed","2025-10-02 19:49","2025-10-02 20:09","00:19","00:09R","Breast","00:10L",
"Growth","2025-10-02 18:27",,,"3.32kg",,,
"Sleep","2025-10-02 18:25","2025-10-02 19:50","01:25",,,,
"Feed","2025-10-02 17:46","2025-10-02 18:06","00:19","00:09R","Breast","00:09L","+30g to 3345g"
"Diaper","2025-10-02 17:43",,"yellow","Runny",,"Both, pee:medium poo:medium",
"Diaper","2025-10-02 16:12",,"yellow",,,"Poo:small",
"Sleep","2025-10-02 16:05","2025-10-02 17:43","01:38",,,,
"Feed","2025-10-02 15:55",,,"Breast Milk","Bottle","37ml",
"Diaper","2025-10-02 15:32",,"yellow","Runny",,"Poo:small",
"Feed","2025-10-02 15:22","2025-10-02 15:45","00:22","00:12R","Breast","00:09L",
"Growth","2025-10-02 14:25",,,"3.31kg","50.5cm",,
"Sleep","2025-10-02 13:12","2025-10-02 15:22","02:10",,,,
"Diaper","2025-10-02 13:00",,"yellow","Runny",,"Both, pee:small poo:medium",
"Feed","2025-10-02 12:32",,,"Breast Milk","Bottle","47ml",
"Feed","2025-10-02 12:23","2025-10-02 12:31","00:07",,"Breast","00:07L",
"Feed","2025-10-02 12:14","2025-10-02 12:18","00:04","00:04R","Breast",,
"Feed","2025-10-02 10:45","2025-10-02 10:48","00:03",,"Breast","00:03L",
"Feed","2025-10-02 10:41","2025-10-02 10:44","00:03",,"Breast","00:03L",
"Feed","2025-10-02 10:39","2025-10-02 10:41","00:02",,"Breast","00:02L",
"Diaper","2025-10-02 09:26",,,,,"Pee:small",
"Feed","2025-10-02 09:10","2025-10-02 09:21","00:11","00:11R","Breast",,
"Diaper","2025-10-02 08:35",,"yellow","Runny",,"Poo:small",
"Feed","2025-10-02 07:57","2025-10-02 08:25","00:27","00:14R","Breast","00:13L",
"Sleep","2025-10-02 06:20","2025-10-02 07:57","01:37",,,,
"Feed","2025-10-02 06:10","2025-10-02 06:17","00:06",,"Breast","00:06L",
"Diaper","2025-10-02 05:45",,,,,"Pee:small",
"Feed","2025-10-02 05:18","2025-10-02 05:49","00:30","00:10R","Breast","00:19L",
"Sleep","2025-10-02 04:01","2025-10-02 05:18","01:17",,,,
"Feed","2025-10-02 03:45","2025-10-02 03:49","00:04","00:04R","Breast",,
"Feed","2025-10-02 03:09","2025-10-02 03:33","00:23","00:07R","Breast","00:16L",
"Sleep","2025-10-02 01:11","2025-10-02 03:09","01:58",,,,
"Feed","2025-10-02 00:47","2025-10-02 00:55","00:08","00:08R","Breast",,
"Diaper","2025-10-02 00:39",,"brown",,,"Poo:small",
"Feed","2025-10-02 00:19","2025-10-02 00:34","00:15",,"Breast","00:15L",
"Feed","2025-10-01 23:55","2025-10-02 00:13","00:17","00:17R","Breast",,
"Diaper","2025-10-01 23:47",,"yellow","Runny",,"Both, pee:large poo:medium",
"Feed","2025-10-01 23:22","2025-10-01 23:32","00:10",,"Breast","00:10L",
"Feed","2025-10-01 22:52","2025-10-01 23:04","00:11","00:06R","Breast","00:05L",
"Feed","2025-10-01 22:31","2025-10-01 22:51","00:20","00:12R","Breast","00:07L",
"Feed","2025-10-01 21:56","2025-10-01 22:20","00:24","00:12R","Breast","00:12L",
"Sleep","2025-10-01 20:40","2025-10-01 21:54","01:14",,,,
"Feed","2025-10-01 20:24","2025-10-01 20:39","00:15",,"Breast","00:15L",
"Feed","2025-10-01 19:55","2025-10-01 20:15","00:20","00:10R","Breast","00:09L",
"Feed","2025-10-01 19:03","2025-10-01 19:33","00:30","00:16R","Breast","00:13L",
"Diaper","2025-10-01 18:57",,"yellow","Runny",,"Both, pee:medium poo:medium",
"Feed","2025-10-01 18:08","2025-10-01 18:36","00:28","00:15R","Breast","00:13L",
"Feed","2025-10-01 17:40","2025-10-01 17:56","00:16",,"Breast","00:16L",
"Feed","2025-10-01 17:05","2025-10-01 17:31","00:26","00:19R","Breast","00:06L",
"Sleep","2025-10-01 16:00","2025-10-01 17:01","01:01",,,,
"Feed","2025-10-01 15:25","2025-10-01 15:41","00:16",,"Breast","00:16L",
"Sleep","2025-10-01 15:20","2025-10-01 15:25","00:04",,,,
"Feed","2025-10-01 15:00","2025-10-01 15:15","00:15","00:15R","Breast",,
"Diaper","2025-10-01 14:40",,"yellow","Runny",,"Poo:medium",
"Feed","2025-10-01 14:20","2025-10-01 14:37","00:17",,"Breast","00:17L",
"Feed","2025-10-01 13:19","2025-10-01 13:56","00:36","00:22R","Breast","00:13L",
"Diaper","2025-10-01 13:18",,"yellow",,,"Poo:small",
"Sleep","2025-10-01 11:49","2025-10-01 13:16","01:27",,,,
"Feed","2025-10-01 11:29","2025-10-01 11:39","00:10","00:10R","Breast",,
"Diaper","2025-10-01 11:21",,"yellow","Runny",,"Both, pee:medium poo:medium",
"Feed","2025-10-01 10:57","2025-10-01 11:12","00:15","00:08R","Breast","00:06L",
"Sleep","2025-10-01 09:34","2025-10-01 10:57","01:23",,,,
"Feed","2025-10-01 09:19","2025-10-01 09:34","00:14","00:14R","Breast",,
"Feed","2025-10-01 08:50","2025-10-01 09:07","00:17",,"Breast","00:17L",
"Diaper","2025-10-01 07:09",,"yellow","Runny",,"Poo:medium",
"Feed","2025-10-01 07:08","2025-10-01 07:22","00:13","00:13R","Breast",,
"Feed","2025-10-01 06:31","2025-10-01 06:58","00:26","00:11R","Breast","00:15L",
"Sleep","2025-10-01 05:13","2025-10-01 06:26","01:13",,,,
"Feed","2025-10-01 04:46","2025-10-01 05:00","00:13","00:13R","Breast",,
"Feed","2025-10-01 04:07","2025-10-01 04:31","00:24","00:07R","Breast","00:17L",
"Sleep","2025-10-01 02:37","2025-10-01 04:06","01:29",,,,
"Diaper","2025-10-01 02:33",,"yellow",,,"Poo:small",
"Feed","2025-10-01 02:04","2025-10-01 02:19","00:14","00:14R","Breast",,
"Feed","2025-10-01 01:45","2025-10-01 02:01","00:16",,"Breast","00:16L",
"Sleep","2025-09-30 23:41","2025-10-01 01:41","02:00",,,,
"Feed","2025-09-30 23:17","2025-09-30 23:28","00:11","00:11R","Breast",,
"Feed","2025-09-30 22:36","2025-09-30 22:53","00:17",,"Breast","00:17L",
"Feed","2025-09-30 21:17","2025-09-30 22:02","00:44","00:23R","Breast","00:21L",
"Diaper","2025-09-30 21:13",,"yellow","Runny",,"Poo:small",
"Sleep","2025-09-30 19:03","2025-09-30 21:10","02:07",,,,
"Feed","2025-09-30 18:51","2025-09-30 19:00","00:09","00:09R","Breast",,
"Sleep","2025-09-30 18:33","2025-09-30 18:49","00:16",,,,
"Feed","2025-09-30 18:21","2025-09-30 18:32","00:10","00:10R","Breast",,
"Sleep","2025-09-30 18:14","2025-09-30 18:17","00:02",,,,
"Feed","2025-09-30 17:55","2025-09-30 18:10","00:15",,"Breast","00:15L",
"Sleep","2025-09-30 17:34","2025-09-30 17:49","00:15",,,,
"Diaper","2025-09-30 17:05",,"yellow","Runny",,"Both, pee:small poo:medium",
"Feed","2025-09-30 16:39","2025-09-30 16:50","00:11","00:11R","Breast",,
"Feed","2025-09-30 15:54","2025-09-30 16:15","00:21",,"Breast","00:21L",
"Sleep","2025-09-30 14:09","2025-09-30 15:52","01:43",,,,
"Feed","2025-09-30 13:06","2025-09-30 13:29","00:23","00:14R","Breast","00:08L",
"Sleep","2025-09-30 12:14","2025-09-30 13:04","00:50",,,,
"Feed","2025-09-30 12:00","2025-09-30 12:10","00:10",,"Breast","00:10L",
"Diaper","2025-09-30 11:39",,"yellow","Runny",,"Poo:medium",
"Sleep","2025-09-30 11:08","2025-09-30 11:24","00:15",,,,
"Feed","2025-09-30 10:43","2025-09-30 10:56","00:12","00:12R","Breast",,
"Diaper","2025-09-30 10:38",,"yellow","Runny",,"Both, poo:small pee:medium",
"Sleep","2025-09-30 10:30","2025-09-30 10:38","00:08",,,,
"Feed","2025-09-30 09:42","2025-09-30 10:07","00:24","00:10R","Breast","00:13L",
"Sleep","2025-09-30 08:09","2025-09-30 09:38","01:29",,,,
"Feed","2025-09-30 07:52","2025-09-30 08:03","00:11",,"Breast","00:11L",
"Feed","2025-09-30 07:23","2025-09-30 07:39","00:16","00:16R","Breast",,
"Sleep","2025-09-30 05:52","2025-09-30 07:21","01:29",,,,
"Diaper","2025-09-30 05:34",,"yellow",,,"Poo:small",
"Feed","2025-09-30 05:13","2025-09-30 05:38","00:25",,"Breast","00:25L",
"Feed","2025-09-30 04:52","2025-09-30 05:09","00:17","00:17R","Breast",,
"Sleep","2025-09-30 02:32","2025-09-30 04:51","02:19",,,,
"Diaper","2025-09-30 02:16",,"yellow","Runny",,"Poo:small",
"Feed","2025-09-30 02:16","2025-09-30 02:28","00:11",,"Breast","00:11L",
"Feed","2025-09-30 00:45","2025-09-30 01:19","00:34","00:14R","Breast","00:19L",
"Sleep","2025-09-29 23:25","2025-09-30 00:45","01:20",,,,
"Feed","2025-09-29 22:45","2025-09-29 23:03","00:18","00:18R","Breast",,
"Sleep","2025-09-29 21:31","2025-09-29 22:44","01:13",,,,
"Feed","2025-09-29 21:22","2025-09-29 21:28","00:05",,"Breast","00:05L",
"Diaper","2025-09-29 20:47",,"yellow","Runny",,"Both, poo:small pee:medium",
"Feed","2025-09-29 20:28","2025-09-29 20:58","00:30","00:18R","Breast","00:11L",
"Sleep","2025-09-29 18:50","2025-09-29 20:27","01:37",,,,
"Feed","2025-09-29 18:30","2025-09-29 18:47","00:17",,"Breast","00:17L",
"Sleep","2025-09-29 16:20","2025-09-29 18:25","02:05",,,,
"Feed","2025-09-29 16:10","2025-09-29 16:18","00:08","00:08R","Breast",,
"Diaper","2025-09-29 15:02",,"yellow","Runny",,"Both, pee:medium poo:small",
"Feed","2025-09-29 14:58","2025-09-29 15:14","00:15",,"Breast","00:15L",
"Feed","2025-09-29 13:24","2025-09-29 13:46","00:22","00:09R","Breast","00:12L",
"Sleep","2025-09-29 11:26","2025-09-29 13:15","01:49",,,,
"Feed","2025-09-29 11:03","2025-09-29 11:23","00:20","00:20R","Breast",,
"Diaper","2025-09-29 09:45",,"yellow","Runny",,"Poo:small",
"Feed","2025-09-29 09:01","2025-09-29 09:36","00:34","00:12R","Breast","00:21L",
"Sleep","2025-09-29 07:51","2025-09-29 09:01","01:10",,,,
"Feed","2025-09-29 07:40","2025-09-29 07:47","00:06",,"Breast","00:06L",
"Sleep","2025-09-29 07:32","2025-09-29 07:40","00:07",,,,
"Diaper","2025-09-29 07:11",,"yellow","Runny",,"Both, pee:small poo:medium",
"Feed","2025-09-29 07:08","2025-09-29 07:24","00:15","00:15R","Breast",,
"Sleep","2025-09-29 05:39","2025-09-29 07:05","01:26",,,,
"Feed","2025-09-29 05:13","2025-09-29 05:23","00:10",,"Breast","00:10L",
"Feed","2025-09-29 04:54","2025-09-29 05:08","00:13","00:13R","Breast","00:00L",
"Sleep","2025-09-29 03:07","2025-09-29 04:45","01:38",,,,
"Diaper","2025-09-29 02:55",,"yellow","Runny",,"Both, poo:small pee:small",
"Feed","2025-09-29 02:09","2025-09-29 02:44","00:35","00:10R","Breast","00:25L",
"Feed","2025-09-29 01:47","2025-09-29 02:03","00:15","00:15R","Breast",,
"Diaper","2025-09-29 00:35",,"yellow","Runny",,"Poo:small",
"Feed","2025-09-28 22:46","2025-09-29 00:04","01:17","00:45R","Breast","00:32L",
"Sleep","2025-09-28 21:40","2025-09-28 22:45","01:05",,,,
"Feed","2025-09-28 20:43","2025-09-28 20:50","00:07","00:07R","Breast",,
"Feed","2025-09-28 19:50","2025-09-28 20:24","00:34","00:13R","Breast","00:20L",
"Sleep","2025-09-28 18:55","2025-09-28 19:50","00:54",,,,
"Feed","2025-09-28 18:18","2025-09-28 18:32","00:13","00:13R","Breast",,
"Diaper","2025-09-28 17:56",,"yellow","Loose",,"Poo:small",
"Feed","2025-09-28 17:14","2025-09-28 17:47","00:33","00:19R","Breast","00:13L",
"Sleep","2025-09-28 17:02","2025-09-28 17:04","00:02",,,,
"Sleep","2025-09-28 15:25","2025-09-28 17:01","01:36",,,,
"Diaper","2025-09-28 14:55",,"yellow","Runny",,"Poo:medium",
"Feed","2025-09-28 14:55","2025-09-28 15:15","00:19",,"Breast","00:19L",
"Feed","2025-09-28 13:45","2025-09-28 14:15","00:30","00:21R","Breast","00:09L",
"Sleep","2025-09-28 12:05","2025-09-28 13:42","01:37",,,,
"Feed","2025-09-28 11:50","2025-09-28 11:59","00:09","00:09R","Breast",,
"Sleep","2025-09-28 11:36","2025-09-28 11:48","00:12",,,,
"Diaper","2025-09-28 11:34",,"yellow","Runny",,"Poo:small",
"Feed","2025-09-28 11:15","2025-09-28 11:19","00:04",,"Breast","00:04L",
"Feed","2025-09-28 10:43","2025-09-28 11:08","00:24","00:16R","Breast","00:08L",
"Sleep","2025-09-28 09:20","2025-09-28 10:43","01:23",,,,
"Feed","2025-09-28 08:53","2025-09-28 09:02","00:09",,"Breast","00:09L",
"Sleep","2025-09-28 08:49","2025-09-28 08:53","00:03",,,,
"Diaper","2025-09-28 08:21",,,,,"Pee:medium",
"Feed","2025-09-28 08:21","2025-09-28 08:43","00:22","00:10R","Breast","00:11L",
"Sleep","2025-09-28 07:02","2025-09-28 08:15","01:13",,,,
"Feed","2025-09-28 06:18","2025-09-28 06:51","00:33","00:17R","Breast","00:16L",
"Diaper","2025-09-28 05:25",,,,,"Both, poo:small pee:small",
"Sleep","2025-09-28 05:25","2025-09-28 06:17","00:51",,,,
"Feed","2025-09-28 04:13","2025-09-28 04:40","00:27","00:14R","Breast","00:12L",
"Sleep","2025-09-28 02:11","2025-09-28 04:12","02:01",,,,
"Diaper","2025-09-28 02:10",,,,,"Both, poo:medium pee:small",
"Feed","2025-09-28 01:08","2025-09-28 01:37","00:28","00:16R","Breast","00:11L",
"Feed","2025-09-27 21:58","2025-09-27 22:49","00:50","00:22R","Breast","00:28L",
"Sleep","2025-09-27 21:08","2025-09-27 22:03","00:54",,,,
"Feed","2025-09-27 20:17","2025-09-27 20:33","00:16","00:08R","Breast","00:07L",
"Diaper","2025-09-27 20:08",,"yellow","Runny",,"Poo:small",
"Feed","2025-09-27 19:03","2025-09-27 19:44","00:41","00:17R","Breast","00:23L",
"Sleep","2025-09-27 17:57","2025-09-27 19:02","01:05",,,,
"Feed","2025-09-27 16:43","2025-09-27 17:12","00:28","00:19R","Breast","00:09L",
"Diaper","2025-09-27 16:40",,"yellow","Loose",,"Both, poo:small pee:medium",
"Sleep","2025-09-27 14:41","2025-09-27 16:35","01:54",,,,
"Feed","2025-09-27 13:52","2025-09-27 14:10","00:18","00:11R","Breast","00:06L",
"Feed","2025-09-27 13:15","2025-09-27 13:38","00:23","00:15R","Breast","00:08L",
"Feed","2025-09-27 12:43","2025-09-27 13:02","00:18",,"Breast","00:18L",
"Feed","2025-09-27 12:24","2025-09-27 12:36","00:12","00:12R","Breast",,
"Sleep","2025-09-27 12:23","2025-09-28 01:04","12:41",,,,
"Diaper","2025-09-27 11:14",,"yellow","Loose",,"Poo:small",
"Feed","2025-09-27 11:09","2025-09-27 11:52","00:43","00:07R","Breast","00:36L",
"Sleep","2025-09-27 09:51","2025-09-27 11:09","01:18",,,,
"Feed","2025-09-27 09:36","2025-09-27 09:44","00:08","00:08R","Breast",,
"Diaper","2025-09-27 09:33",,"yellow","Loose",,"Poo:small",
"Feed","2025-09-27 09:05","2025-09-27 09:27","00:21",,"Breast","00:21L",
"Diaper","2025-09-27 09:03",,"yellow","Loose",,"Both, poo:small pee:medium",
"Feed","2025-09-27 08:34","2025-09-27 08:55","00:20","00:20R","Breast",,
"Feed","2025-09-27 07:23","2025-09-27 07:43","00:19","00:01R","Breast","00:18L",
"Diaper","2025-09-27 06:49",,"yellow","Loose",,"Poo:small",
"Feed","2025-09-27 06:00","2025-09-27 06:39","00:38","00:21R","Breast","00:16L",
"Feed","2025-09-27 05:09","2025-09-27 05:52","00:42","00:27R","Breast","00:15L",
"Feed","2025-09-27 03:28","2025-09-27 03:43","00:15","00:15R","Breast",,
"Diaper","2025-09-27 03:27",,"yellow","Mucousy",,"Poo:medium",
"Feed","2025-09-27 03:00","2025-09-27 03:10","00:09","00:01R","Breast","00:08L",
"Feed","2025-09-27 02:29","2025-09-27 02:56","00:27","00:12R","Breast","00:14L",
"Diaper","2025-09-27 00:28",,"yellow","Runny",,"Poo:small",
"Feed","2025-09-27 00:28","2025-09-27 01:53","01:24","00:49R","Breast","00:34L",
"Feed","2025-09-26 23:49","2025-09-27 00:13","00:24",,"Breast","00:24L",
"Feed","2025-09-26 23:05","2025-09-26 23:17","00:11","00:11R","Breast",,
"Diaper","2025-09-26 22:46",,,,,"Pee:small",
"Feed","2025-09-26 22:22","2025-09-26 22:59","00:36","00:24R","Breast","00:11L",
"Diaper","2025-09-26 21:58",,"yellow","Runny",,"Poo:small",
"Feed","2025-09-26 21:18","2025-09-26 21:49","00:30","00:18R","Breast","00:12L",
"Diaper","2025-09-26 21:11",,"yellow","Runny",,"Poo:medium",
"Feed","2025-09-26 20:31","2025-09-26 20:58","00:27","00:15R","Breast","00:11L",
"Feed","2025-09-26 19:34","2025-09-26 19:44","00:10",,"Breast","00:10L",
"Feed","2025-09-26 18:51","2025-09-26 19:20","00:29","00:13R","Breast","00:15L",
"Diaper","2025-09-26 18:33",,"green","Runny","Diaper rash","Poo:small",
"Feed","2025-09-26 17:47","2025-09-26 18:10","00:23","00:23R","Breast",,
"Feed","2025-09-26 17:12","2025-09-26 17:45","00:32",,"Breast","00:32L",
"Diaper","2025-09-26 16:07",,"green","Runny",,"Both, poo:small pee:medium","Green yellow "
"Feed","2025-09-26 15:24","2025-09-26 15:46","00:22","00:22R","Breast",,
"Feed","2025-09-26 13:03","2025-09-26 13:35","00:32",,"Breast","00:32L",
"Diaper","2025-09-26 11:28",,"green","Runny",,"Poo:small","Yellow green"
"Diaper","2025-09-26 10:51",,,,,"Pee:small",
"Growth","2025-09-26 10:47",,,"3.29kg",,,
"Feed","2025-09-26 10:24","2025-09-26 10:50","00:26","00:11R","Breast","00:14L",
"Diaper","2025-09-26 09:40",,"green","Runny",,"Poo:small","Black and green"
"Feed","2025-09-26 08:01","2025-09-26 08:24","00:23","00:19R","Breast","00:03L",
"Diaper","2025-09-26 07:59",,"black","Runny",,"Poo:small",
"Feed","2025-09-26 05:57","2025-09-26 06:29","00:32","00:15R","Breast","00:17L",
"Feed","2025-09-26 03:34","2025-09-26 03:51","00:17","00:05R","Breast","00:11L",
"Diaper","2025-09-26 03:25",,,,,"Both, poo:small pee:small",
"Feed","2025-09-26 03:00","2025-09-26 03:13","00:12","00:12R","Breast",,
"Feed","2025-09-26 02:46","2025-09-26 02:58","00:11",,"Breast","00:11L",
"Feed","2025-09-26 01:38","2025-09-26 02:01","00:23","00:23R","Breast",,
"Feed","2025-09-26 00:51","2025-09-26 01:11","00:19",,"Breast","00:19L",
"Feed","2025-09-26 00:35","2025-09-26 00:47","00:11","00:11R","Breast",,
"Feed","2025-09-26 00:01","2025-09-26 00:10","00:09",,"Breast","00:09L",
"Feed","2025-09-25 22:33","2025-09-25 22:53","00:20","00:20R","Breast",,
"Diaper","2025-09-25 22:10",,"black","Mucousy",,"Poo:small",
"Feed","2025-09-25 21:44","2025-09-25 22:00","00:15","00:02R","Breast","00:13L",
"Diaper","2025-09-25 19:07",,"black","Mucousy",,"Poo:medium",
"Feed","2025-09-25 18:39","2025-09-25 19:00","00:21","00:21R","Breast",,
"Feed","2025-09-25 16:02","2025-09-25 16:28","00:26","00:09R","Breast","00:17L",
"Diaper","2025-09-25 15:40",,,,,"Pee:medium",
"Feed","2025-09-25 14:28","2025-09-25 14:55","00:26","00:18R","Breast","00:08L",
"Diaper","2025-09-25 13:26",,,,,"Pee:small",
"Feed","2025-09-25 11:25","2025-09-25 11:54","00:28","00:19R","Breast","00:08L",
"Growth","2025-09-25 11:04",,,"7.49lbs.oz",,,
"Feed","2025-09-25 08:52","2025-09-25 09:22","00:30","00:16R","Breast","00:14L",
"Diaper","2025-09-25 06:31",,"black","Loose",,"Both",
"Feed","2025-09-25 05:44","2025-09-25 06:12","00:27","00:11R","Breast","00:16L",
"Feed","2025-09-25 04:44","2025-09-25 05:16","00:32","00:16R","Breast","00:15L",
"Feed","2025-09-25 01:41","2025-09-25 02:14","00:32","00:15R","Breast","00:16L",
"Feed","2025-09-24 23:42","2025-09-25 00:54","01:12","00:38R","Breast","00:33L",
"Feed","2025-09-24 22:02","2025-09-24 22:41","00:39","00:18R","Breast","00:21L",